{
  "D001": {
    "department_name": "\u6295\u8d44\u94f6\u884c\u90e8",
    "annual_budget": 230395.17,
    "total_spent": 363614.58,
    "critical_record_id": "R000079",
    "cumulative_at_critical": 230508.66,
    "total_records": 525,
    "records_before_critical": 325,
    "over_by": 133219.41
  },
  "D002": {
    "department_name": "\u56fa\u5b9a\u6536\u76ca\u90e8",
    "annual_budget": 107785.42,
    "total_spent": 164928.1200000001,
    "critical_record_id": "R002009",
    "cumulative_at_critical": 108158.44,
    "total_records": 254,
    "records_before_critical": 157,
    "over_by": 57142.7
  },
  "D003": {
    "department_name": "\u8d22\u5bcc\u7ba1\u7406\u90e8",
    "annual_budget": 109772.07,
    "total_spent": 174150.67000000007,
    "critical_record_id": "R003968",
    "cumulative_at_critical": 109878.91,
    "total_records": 249,
    "records_before_critical": 154,
    "over_by": 64378.6
  },
  "D004": {
    "department_name": "\u7814\u7a76\u6240",
    "annual_budget": 264890.39,
    "total_spent": 408832.9499999999,
    "critical_record_id": "R000894",
    "cumulative_at_critical": 264953.59,
    "total_records": 611,
    "records_before_critical": 378,
    "over_by": 143942.56
  },
  "D005": {
    "department_name": "\u673a\u6784\u4e1a\u52a1\u90e8",
    "annual_budget": 278540.94,
    "total_spent": 433442.7600000001,
    "critical_record_id": "R003479",
    "cumulative_at_critical": 278755.54,
    "total_records": 616,
    "records_before_critical": 381,
    "over_by": 154901.82
  },
  "D006": {
    "department_name": "\u8fd0\u8425\u7ba1\u7406\u90e8",
    "annual_budget": 340961.75,
    "total_spent": 530241.2900000004,
    "critical_record_id": "R000312",
    "cumulative_at_critical": 341090.2,
    "total_records": 833,
    "records_before_critical": 516,
    "over_by": 189279.54
  }
}